p_L,p_H,original_value,retest_value,deviation
0.75,0.0,0.74951171875,0.74951171875,0.0
0.0,0.5,0.50048828125,0.50048828125,0.0
0.16666666666666666,0.0,0.16650390625,0.16650390625,0.0
0.16666666666666666,0.5833333333333333,0.52490234375,0.51123046875,0.013671875
0.08333333333333333,0.6666666666666666,0.65185546875,0.65283203125,0.0009765625
0.0,0.5833333333333333,0.58349609375,0.58349609375,0.0
0.5833333333333333,0.25,0.42724609375,0.42724609375,0.0
0.5833333333333333,0.0,0.58251953125,0.58251953125,0.0
