{
  "labels": [
    0,
    1,
    3,
    6,
    12,
    24,
    36,
    48,
    60
  ],
  "datasets": {
    "amount_10": [
      1.0,
      0.99658203125,
      0.74951171875,
      0.96826171875,
      0.94873046875,
      0.92236328125,
      0.86279296875,
      0.83349609375,
      0.77197265625
    ],
    "amount_100": [
      1.0,
      0.99658203125,
      0.98681640625,
      0.97412109375,
      0.95361328125,
      0.90576171875,
      0.86767578125,
      0.82080078125,
      0.74951171875
    ],
    "amount_1000": [
      1.0,
      0.99560546875,
      0.98779296875,
      0.97412109375,
      0.95166015625,
      0.89013671875,
      0.84326171875,
      0.74951171875,
      0.77880859375
    ]
  },
  "analysis_text": "> DETAILS<br><br>Analysis indicates the model is best described by <b>QUASI_HYPERBOLIC DISCOUNTING</b>. No significant present bias was detected (\u03b2=0.98)."
}