p_L,p_H,original_value,retest_value,deviation
0.16666666666666666,0.08333333333333333,0.01025390625,0.00732421875,0.0029296875
0.5833333333333333,0.0,0.58251953125,0.58251953125,0.0
0.16666666666666666,0.25,0.00830078125,0.03173828125,0.0234375
0.08333333333333333,0.5,0.01611328125,0.12841796875,0.1123046875
0.16666666666666666,0.8333333333333333,0.07177734375,0.07080078125,0.0009765625
0.41666666666666663,0.08333333333333333,0.27099609375,0.27783203125,0.0068359375
0.08333333333333333,0.16666666666666666,0.09814453125,0.09912109375,0.0009765625
0.0,0.16666666666666666,0.16748046875,0.16748046875,0.0
