{
  "model": "gpt-5.2",
  "metrics": {
    "altruism": {
      "mean_offer": 50.0,
      "score": 100.0
    },
    "fairness": {
      "mean_offer": 46.111111111111114,
      "score": 92.22222222222223
    },
    "responder": {
      "mao": 3.3333333333333335
    },
    "pro_social_score": 96.11111111111111
  }
}