{
  "labels": [
    0,
    1,
    3,
    6,
    12,
    24,
    36,
    48,
    60
  ],
  "datasets": {
    "amount_10": [
      1.0,
      0.41845703125,
      0.57666015625,
      0.66455078125,
      0.54443359375,
      0.31201171875,
      0.31982421875,
      0.26416015625,
      0.03857421875
    ],
    "amount_100": [
      1.0,
      0.32763671875,
      0.53955078125,
      0.37451171875,
      0.50439453125,
      0.28857421875,
      0.15576171875,
      0.10986328125,
      0.14501953125
    ],
    "amount_1000": [
      1.0,
      0.48583984375,
      0.39892578125,
      0.76416015625,
      0.56591796875,
      0.12353515625,
      0.43994140625,
      0.38525390625,
      0.37548828125
    ]
  },
  "analysis_text": "> DETAILS<br><br>Analysis indicates the model is best described by <b>QUASI_HYPERBOLIC DISCOUNTING</b>. Significant present bias was detected (\u03b2=0.54), suggesting impulsivity for immediate rewards.",
  "tldr_text": "This model meaningfully undervalues future rewards, but is moderately consistent in its discounting behavior."
}