{
  "labels": [
    0,
    1,
    3,
    6,
    12,
    24,
    36,
    48,
    60
  ],
  "datasets": {
    "amount_10": [
      1.0,
      0.99560546875,
      0.98779296875,
      0.97509765625,
      0.95361328125,
      0.91552734375,
      0.86572265625,
      0.81982421875,
      0.79345703125
    ],
    "amount_100": [
      1.0,
      0.99658203125,
      0.98779296875,
      0.97607421875,
      0.95263671875,
      0.90771484375,
      0.87939453125,
      0.83837890625,
      0.81298828125
    ],
    "amount_1000": [
      1.0,
      0.99560546875,
      0.98681640625,
      0.97412109375,
      0.95068359375,
      0.90673828125,
      0.86376953125,
      0.84423828125,
      0.78076171875
    ]
  },
  "analysis_text": "> DETAILS<br><br>Analysis indicates the model is best described by <b>QUASI_HYPERBOLIC DISCOUNTING</b>. No significant present bias was detected (\u03b2=1.00)."
}