{
  "labels": [
    0,
    1,
    3,
    6,
    12,
    24,
    36,
    48,
    60
  ],
  "datasets": {
    "amount_10": [
      1.0,
      0.59521484375,
      0.41943359375,
      0.31591796875,
      0.91259765625,
      0.28076171875,
      0.52001953125,
      0.60205078125,
      0.04736328125
    ],
    "amount_100": [
      1.0,
      0.96923828125,
      0.57177734375,
      0.45068359375,
      0.20263671875,
      0.37255859375,
      0.15478515625,
      0.10595703125,
      0.04345703125
    ],
    "amount_1000": [
      1.0,
      0.84130859375,
      0.61181640625,
      0.21923828125,
      0.22705078125,
      0.17333984375,
      0.09521484375,
      0.05029296875,
      0.02978515625
    ]
  },
  "analysis_text": "> DETAILS<br><br>Analysis indicates the model is best described by <b>QUASI_HYPERBOLIC DISCOUNTING</b>. Significant present bias was detected (\u03b2=0.63), suggesting impulsivity for immediate rewards."
}