{
  "labels": [
    0,
    1,
    3,
    6,
    12,
    24,
    36,
    48,
    60
  ],
  "datasets": {
    "amount_10": [
      1.0,
      0.47900390625,
      0.57470703125,
      0.10205078125,
      0.18115234375,
      0.08154296875,
      0.01416015625,
      0.01123046875,
      0.00537109375
    ],
    "amount_100": [
      1.0,
      0.46435546875,
      0.25048828125,
      0.50048828125,
      0.50048828125,
      0.01904296875,
      0.00341796875,
      0.00146484375,
      0.00146484375
    ],
    "amount_1000": [
      1.0,
      0.38134765625,
      0.63427734375,
      0.52685546875,
      0.52294921875,
      0.06689453125,
      0.05126953125,
      0.01708984375,
      0.00830078125
    ]
  },
  "analysis_text": "> DETAILS<br><br>Analysis indicates the model is best described by <b>QUASI_HYPERBOLIC DISCOUNTING</b>. Significant present bias was detected (\u03b2=0.54), suggesting impulsivity for immediate rewards."
}