{
  "labels": [
    0,
    1,
    3,
    6,
    12,
    24,
    36,
    48,
    60
  ],
  "datasets": {
    "amount_10": [
      1.0,
      0.96826171875,
      0.32373046875,
      0.46142578125,
      0.63818359375,
      0.53173828125,
      0.59423828125,
      0.02392578125,
      0.50048828125
    ],
    "amount_100": [
      1.0,
      0.96923828125,
      0.88330078125,
      0.42626953125,
      0.50830078125,
      0.62548828125,
      0.28564453125,
      0.18115234375,
      0.13427734375
    ],
    "amount_1000": [
      1.0,
      0.96826171875,
      0.90576171875,
      0.24560546875,
      0.10986328125,
      0.03955078125,
      0.26806640625,
      0.50048828125,
      0.12548828125
    ]
  },
  "analysis_text": "> DETAILS<br><br>Analysis indicates the model is best described by <b>HYPERBOLIC DISCOUNTING</b>. Significant present bias was detected (\u03b2=0.73), suggesting impulsivity for immediate rewards. The estimated discount parameter is k=0.00."
}