{
  "labels": [
    0,
    1,
    3,
    6,
    12,
    24,
    36,
    48,
    60
  ],
  "datasets": {
    "amount_10": [
      1.0,
      0.98974609375,
      0.74951171875,
      0.97412109375,
      0.94384765625,
      0.90673828125,
      0.87158203125,
      0.77685546875,
      0.77490234375
    ],
    "amount_100": [
      1.0,
      0.99658203125,
      0.98779296875,
      0.97216796875,
      0.95263671875,
      0.89501953125,
      0.84326171875,
      0.80615234375,
      0.76611328125
    ],
    "amount_1000": [
      1.0,
      0.99560546875,
      0.98876953125,
      0.97607421875,
      0.95068359375,
      0.85888671875,
      0.86474609375,
      0.24951171875,
      0.72412109375
    ]
  },
  "analysis_text": "> DETAILS<br><br>Analysis indicates the model is best described by <b>QUASI_HYPERBOLIC DISCOUNTING</b>. No significant present bias was detected (\u03b2=0.99)."
}