{
  "labels": [
    0,
    1,
    3,
    6,
    12,
    24,
    36,
    48,
    60
  ],
  "datasets": {
    "amount_10": [
      1.0,
      0.73486328125,
      0.57666015625,
      0.81201171875,
      0.80322265625,
      0.57666015625,
      0.56103515625,
      0.00537109375,
      0.02783203125
    ],
    "amount_100": [
      1.0,
      0.89404296875,
      0.57763671875,
      0.85205078125,
      0.62255859375,
      0.55810546875,
      0.24658203125,
      0.50048828125,
      0.22412109375
    ],
    "amount_1000": [
      1.0,
      0.62451171875,
      0.93408203125,
      0.69287109375,
      0.19384765625,
      0.36669921875,
      0.11767578125,
      0.62158203125,
      0.42431640625
    ]
  },
  "analysis_text": "> DETAILS<br><br>Analysis indicates the model is best described by <b>QUASI_HYPERBOLIC DISCOUNTING</b>. Significant present bias was detected (\u03b2=0.77), suggesting impulsivity for immediate rewards."
}