{
  "labels": [
    0,
    1,
    3,
    6,
    12,
    24,
    36,
    48,
    60
  ],
  "datasets": {
    "amount_10": [
      1.0,
      0.04931640625,
      0.11474609375,
      0.02783203125,
      0.03271484375,
      0.01806640625,
      0.07568359375,
      0.03173828125
    ],
    "amount_100": [
      1.0,
      0.62841796875,
      0.70263671875,
      0.66845703125,
      0.00830078125,
      0.18896484375,
      0.22216796875,
      0.03759765625
    ],
    "amount_1000": [
      1.0,
      0.62939453125,
      0.03076171875,
      0.36962890625,
      0.11572265625,
      0.09228515625,
      0.01904296875,
      0.07958984375
    ]
  },
  "analysis_text": "> DETAILS<br><br>Analysis indicates the model is best described by <b>HYPERBOLIC DISCOUNTING</b>. Significant present bias was detected (β=0.67), suggesting impulsivity for immediate rewards. The estimated discount parameter is k=0.03."
}