{
  "labels": [
    0,
    1,
    3,
    6,
    12,
    24,
    36,
    48,
    60
  ],
  "datasets": {
    "amount_10": [
      1.0,
      0.98876953125,
      0.91259765625,
      0.86669921875,
      0.93994140625,
      0.73388671875,
      0.72607421875,
      0.68701171875,
      0.49951171875
    ],
    "amount_100": [
      1.0,
      0.99560546875,
      0.98583984375,
      0.74951171875,
      0.74951171875,
      0.81494140625,
      0.75146484375,
      0.68212890625,
      0.62548828125
    ],
    "amount_1000": [
      1.0,
      0.99462890625,
      0.97509765625,
      0.96923828125,
      0.90869140625,
      0.74951171875,
      0.76806640625,
      0.71142578125,
      0.64501953125
    ]
  },
  "analysis_text": "> DETAILS<br><br>Analysis indicates the model is best described by <b>QUASI_HYPERBOLIC DISCOUNTING</b>. No significant present bias was detected (\u03b2=0.96)."
}