{
  "labels": [
    0,
    1,
    3,
    6,
    12,
    24,
    36,
    48,
    60
  ],
  "datasets": {
    "amount_10": [
      1.0,
      0.10498046875,
      0.01416015625,
      0.04248046875,
      0.00634765625,
      0.02978515625,
      0.02880859375,
      0.03173828125,
      0.06396484375
    ],
    "amount_100": [
      1.0,
      0.06298828125,
      0.57373046875,
      0.00732421875,
      0.02880859375,
      0.06494140625,
      0.00732421875,
      0.00927734375,
      0.00341796875
    ],
    "amount_1000": [
      1.0,
      0.39990234375,
      0.16552734375,
      0.45556640625,
      0.30810546875,
      0.01708984375,
      0.03271484375,
      0.00244140625,
      0.01708984375
    ]
  },
  "analysis_text": "> DETAILS<br><br>Analysis indicates the model is best described by <b>QUASI_HYPERBOLIC DISCOUNTING</b>. Significant present bias was detected (\u03b2=0.24), suggesting impulsivity for immediate rewards."
}