{
  "labels": [
    0,
    1,
    3,
    6,
    12,
    24,
    36,
    48,
    60
  ],
  "datasets": {
    "amount_10": [
      1.0,
      0.93701171875,
      0.96826171875,
      0.97509765625,
      0.96923828125,
      0.90673828125,
      0.84228515625,
      0.73193359375,
      0.74951171875
    ],
    "amount_100": [
      1.0,
      0.98388671875,
      0.98486328125,
      0.97509765625,
      0.87451171875,
      0.94384765625,
      0.82763671875,
      0.84326171875,
      0.72607421875
    ],
    "amount_1000": [
      1.0,
      0.99755859375,
      0.98779296875,
      0.98681640625,
      0.94873046875,
      0.95556640625,
      0.83837890625,
      0.79150390625,
      0.42138671875
    ]
  },
  "analysis_text": "> DETAILS<br><br>Analysis indicates the model is best described by <b>QUASI_HYPERBOLIC DISCOUNTING</b>. No significant present bias was detected (\u03b2=1.00)."
}